{"timestamps": [1471836135.280315], "initial_reset_timestamp": 1471836134.613095, "episode_lengths": [0], "episode_rewards": [0]}